ID,Text_KR
1,설정
2,포트폴리오용 바로가기입니다.\n원래 진행은 튜토리얼부터 순서대로입니다
3,메인 메뉴로
4,닫기
5,- 일시 정지 -
6,보드 좌표 덤프 (복사됨 {BoardDumpSignals.Version})
7,보드 좌표 덤프 (클립보드로)
8,현재 적 전멸
9,처음부터 (저장 초기화)
10,튜토
11,합체 게이지 채우기
12,고철
13,골드
14,전투력 
15,목표: 
16,  ·  출력 
17, 넘기기
18,리젠 없음(마지막 묶음)
19,리젠 
20,남은 몬스터 
21,마일스톤
22, 끊긴 자리를 잇는다
23, 마운트가 가득 찬다
24,보상 받음
25,보상 받기 · 골드 
26, / 고철 
27,저장고(군수 생산) 
28, 발/초
29,적 
30,   로봇 HP 
31,고철 
32,   ·   강화재료 
33,   ·   골드 
34, (모은 처치 
35,경과 
36,   ·   웨이브 
37,마리 / 
38,초
39,이동 WASD / 화살표   ·   회피 = 스페이스 / 화면 플릭
40,얼굴 — 뷰 없음
41,얼굴 
42,조준
43,이동
44, · 마지막 조준 
45,초 전
46,없음
47, · 수동유예 
48,태그 스킬 — 표적 {n} · 총 피해 {_sim.LastTagSkillDamage:F0}
49, · 한 체 몫 {_sim.LastTagSkillDamage / n:F0}
50,다시 (Restart)
51,합　체
52,화력 {_cutscene.OutputBefore:F0}  →  {_cutscene.OutputNow:F0}
53,버스트 {_cutscene.BurstDamage:F0}
54,태그\n잠금
55,쿨다운\n{cd:F1}s
56,태그\n스킬
57,태그
58,합체\n없음
59,합체\n{_sim.Merge.RemainingSeconds:F1}s
60,합체\n사용함
61,합체\n발동
62,합체\n{_sim.Merge.ChargeRatio * 100f:F0}%
63,회피 {d.Stacks}/{d.Capacity} (부스터 {d.BoosterCount}대)
64, · 누적 {d.TotalDodges}회 · 추진제 {_sim.PropellantSupplyRate:F3}/초
65, ⚠️보드가 추진제를 안 만든다
66,  [무적]
67,(합산)
68,   쉴드{merged} {now:F0}/{max:F0}
69,창고 {_sim.AmmoStock:F0}/{_sim.AmmoCapacity:F0}
70,관통
71,표준
72,폭발
73,로봇B(드론)
74,로봇A(탄약)
75,만충 판정 대기
76,만충
77,채우는 중
78,   ·   대기 도착 {LogisticsOutputBridge.StandbyStackDroneArrivalRate:F2}
79,/{LogisticsOutputBridge.StandbyAoeDroneArrivalRate:F2}/초
80,   ·   대기 칸 {standby.Total:F1}/{standby.Capacity:F0}
81,출전 {who}   ·   마운트 적재 {act.Total:F0}   ·   대기 마운트 {standby.Total:F0} ({fullness})
82,   ·   드론 {_sim.Drones.Count}기
83,드론
84,  /  요구 {ReqLabel()}{ReqBadge()}
85,물류 출력  예상 {exp:F0} · 물류 실제 {act:F0} · 갭 {gap:F0}{req}  ·  마운트계수 {_mountCoef:F2}
86,[전력 부족]
87,[발열 초과]
88,탄약 마운트(용량 {cap}/종)  관통 {_firedRate[(int)AmmoKind.Pierce]:F1} · 
89,표준 {_firedRate[(int)AmmoKind.Standard]:F1} · 
90,폭발 {_firedRate[(int)AmmoKind.Explosive]:F1} 발/초 (실제)
91,튜토리얼 전용 스테이지
92,스테이지 {stage.stageId}
93,승리 — 적 전멸
94,패배 — 로봇 파괴
95,패배 — 시간 초과
96,나가는 곳이 없다. 벨트를 잇거나 쓰는 노드를 늘려라
97,들어오는 것이 없다. 앞 단계 노드를 확인해라
98,전력이 모자라 느려졌다. 발전소를 늘리거나 노드를 줄여라
99,열이 올라 느려졌다. 열이 몰린 곳의 노드를 덜어내라
100,전체
101,물류
102,기초
103,복합
104,군수
105,전력
106,모듈
107,"  [부족 {power:F1} / {Target(type, req, band):F1}]"
108,"  [충족 {power:F1} / {Target(type, req, band):F1}]"
109,  [밴드 초과 {power:F1} / {band.y:F1}]
110,미연결 — 나가는 곳이 없는 노드가 있다
111,생산 정지 — 만드는 것이 없다
112,전력 부족 — 수요가 공급을 넘었다
113,마운트 빔 — 싣고 나갈 것이 없다
114,생산이 멈췄습니다
115,탭 = 교대 · 길게 = 자동 켬/끔
116,그림이 없거나 목표 초가 0 이하다
117,칸 목록과 왕복을 같이 지정했다 — 칸 목록을 쓴다. 
118,왕복은 목록을 자동으로 펴는 것이라 둘이 겹치면 결과가 화면에서만 드러난다
119,칸 목록에 없는 그림 번호가 있다 — {string.Join(
120,(그림은 {frameCount}장이다). 그 칸은 버렸다
121,칸 목록이 전부 범위 밖이라 그림 순서로 되돌린다 (그림 {frameCount}장)
122,왕복 벌이라 칸을 지우지 않았다 — 기본 {n}칸 · 필요 {needed}칸. 
123,목표 초를 기본 칸의 배수에서 고른다(4-3 왕복 조항)
124,지울 후보가 모자란다 — 필요 {d}칸 · 짝수 후보 {candidates.Count}칸. 
125,홀수 칸까지 지우지 않고 멈춘다(4-4 3). 목표 초를 늘리거나 그림을 줄인다
126,배경 음악
127,조작음
128,효과음
129,로봇A
130,로봇B
131,로봇
132,저장된 판이 없다
133,격자가 없다
134,격자 크기가 다르다 — 저장 {state.columns}x{state.rows} · 지금 {grid.Columns}x{grid.Rows}
135,판의 주인이 다르다 — 저장 {(MountOwner)state.owner} · 지금 {grid.Owner}
136,시작 보드 세대가 다르다({grid.Owner}) — 저장 '{state.generation ?? 
137,}' · 지금 '{want}'
138,표준탄만 초당 60인 것은 결함이 아니라 체인이 짧기 때문이다.
139,크면 적이 표적을 두고 옆으로 오래 미끄러진다. 
140,⚠️ 몇 칸이 옳은지는 여전히 설계 몫이다 — 3 은 처음 재 본 값이다.
141,"이것은 노드가 얼마나 오래 붙잡는가이고, 저것은 무엇을 몇 개 먹는가다."
142,머리
143,몸통
144,어깨L
145,어깨R
146,팔L
147,팔R
148,다리L
149,다리R
150,코어 에너지
151,기초재료·부품
152,발전재료
153,배터리
154,표준탄
155,드론 몸체 부품
156,방어 재료
157,추진제
158,관통탄
159,폭발탄
160,누적형 드론
161,광역형 드론
162,돌아왔다
163,받은 고철 {r.scrap:N0}
164,확인
165,꺼 둔 시간 {Hours(r.creditedHours)}
166,  (상한까지만 인정)
167,파밍 시급 {r.hourlyRate:N1} 고철/시간
168,  (기록 없음 → 기본값)
169,상주 스테이지 파밍 기록이 없고 기본 시급이 아직 미확정(TBD)이라 0이다.
170,오프라인 계수가 아직 미확정(TBD)이라 0이다.
171,{hours * 60d:N0}분
172,{hours:N1}시간
173,. 시작 보드로 시작한다(플레이어 배치도 함께 사라진다).
174,그 칸이 비면 줄이 끊겨 **B 판이 아무것도 못 낸다.**
175,빠진 칸이 줄 가운데면 **그 줄이 통째로 안 흐른다.**
176,# 보드 좌표 덤프 (개발 빌드 · 
177,# 노드: x y 종류 / 벨트: x y 입력면… > 출력면… [요소]
178,# 노드 {nodes.Count} · 벨트 {belts.Count}
179,# 빈 칸 요청 {StartingBoard.EmptySlot.x} {StartingBoard.EmptySlot.y}
180, · 고스트 {(TutorialSignals.GhostCell.HasValue ? TutorialSignals.GhostCell.Value.ToString() : 
181, · 채워짐 {TutorialSignals.GhostCellFilled}
182,끌면 여러 칸
183,벨트
184,놓인 칸에서 끌면 제거
185,빈 칸을 터치
186,면이 다름
187,마운트
188,정말 삭제?
189,노드 
190,대를 포함해 
191,칸을 지운다. 노드에 붙인 조합표·모듈·방향은 돌아오지 않는다.
192,취소
193,삭제
194,병합기
195,분류기
196,모듈 — 놓인 노드를 탭하면 붙는다
197,빈 칸 = 벨트 · 노드 탭 = 조합표 · 놓인 것 위에서 끌면 제거
198,노는 중
199,90도 돌리기
200,상태
201,{NodeStateText(_selected.Value)}  ·  가동률 {Mathf.Clamp01(workload) * 100f:F0}%
202,물품
203,전력 · 시간
204,전력 {powerEach * Mathf.Clamp01(workload):F1} (대당 {powerEach:F1})
205,붙은 모듈
206,  부하 ×{mod.powerLoadMultiplier:F1}
207,떼기
208,조합표
209,탄종
210,전력 부족
211,멈춤
212,느림 ({ratio * 100f:F0}%)
213,도는 중
214,원천
215,산출 없음
216,{rate:F2}/초
217,생산 시간 —
218,생산 {seconds:F1}초/개
219,로봇 A
220,로봇 B
221,조립 모드
222,이동 모드
223, (바꾸기)
224,▼ 조립 모드로
225,▲ 이동 모드로
226,▼ 조립 (물류 보드)
227,▲ 전투로
228,소리
229,포트폴리오용 데모
230,게임 시작
231,포트폴리오 문서 보기
232,관련 노션 보기
233,  (준비 중)
234,물류 · 조립 — 문제 없음
235,  외 
236,건
237,물류 변수
238,예상 {r.expected:F1}  실제 {r.actual:F1}  갭 {r.gap:F1}
239,갭 발생원
240,"전력 {r.gapPower:F1}  (사용률 {HudBars.UsageText(supply, draw)})"
241,벨트 {r.gapBelt:F1}  (도달 {Pct(r.beltThrottle)})
242,명목 배율 ×{r.multiple:F2}
243,일감률 평균 {Pct(WorkloadAverage)}  (노는 노드는 전력 0)
244,[!] 전력 부족
245,[!] 발열 초과
